Player,Date,Day,Comp,Round,Venue,Result,Squad,Opponent,Start,Pos,Min,Gls,Ast,PK,PKatt,Sh,SoT,CrdY,CrdR,Fls,Fld,Off,Crs,TklW,Int,OG,PKwon,PKcon,Match Report,Season
2026-02-17,Tue,Champions Lg,Knockout phase play-offs,Away,W 3–2,fr Paris Saint-Germain,fr Monaco,N,,64,2,0,0,0,3,3,0,0,0,3,0,4,1,0,0,,,Match Report,2025-2026,Desire Doue
2026-02-13,Fri,Ligue 1,Matchweek 22,Away,L 1–3,Paris Saint-Germain,Rennes,Y,FW,59,0,0,0,0,4,1,0,0,2,2,0,5,0,0,0,,,Match Report,2025-2026,Desire Doue
2026-02-08,Sun,Ligue 1,Matchweek 21,Home,W 5–0,Paris Saint-Germain,Marseille,Y,FW,61,0,0,0,0,6,1,0,0,2,2,0,2,1,0,0,,,Match Report,2025-2026,Desire Doue
2026-02-01,Sun,Ligue 1,Matchweek 20,Away,W 2–1,Paris Saint-Germain,Strasbourg,N,,45,0,0,0,0,1,0,0,0,0,2,0,0,1,1,0,,,Match Report,2025-2026,Desire Doue
2026-01-28,Wed,Champions Lg,League phase,Home,D 1–1,fr Paris Saint-Germain,eng Newcastle United,N,,69,0,0,0,0,3,0,0,0,4,1,0,8,1,0,0,,,Match Report,2025-2026,Desire Doue
2026-01-23,Fri,Ligue 1,Matchweek 19,Away,W 1–0,Paris Saint-Germain,Auxerre,N,,30,0,0,0,0,0,0,0,0,1,1,0,0,0,0,0,,,Match Report,2025-2026,Desire Doue
2026-01-20,Tue,Champions Lg,League phase,Away,L 1–2,fr Paris Saint-Germain,pt Sporting CP,Y,FW,90,0,0,0,0,3,0,0,0,2,3,0,8,3,2,0,,,Match Report,2025-2026,Desire Doue
2026-01-16,Fri,Ligue 1,Matchweek 18,Home,W 3–0,Paris Saint-Germain,Lille,Y,FW,83,0,1,0,0,4,3,0,0,1,1,0,5,0,0,0,,,Match Report,2025-2026,Desire Doue
2026-01-12,Mon,Coupe de France,Round of 32,Home,L 0–1,Paris Saint-Germain,Paris FC,N,,26,0,0,0,0,2,0,1,0,2,1,0,3,0,0,0,,,Match Report,2025-2026,Desire Doue
2026-01-08,Thu,Trophée des Champions,Trophée des Champions,Neutral,D 2 (4)–2 (1),Paris Saint-Germain,Marseille,Y,FW,90,0,0,0,0,4,1,0,0,4,0,0,2,0,1,0,,,Match Report,2025-2026,Desire Doue
2026-01-04,Sun,Ligue 1,Matchweek 17,Home,W 2–1,Paris Saint-Germain,Paris FC,Y,FW,69,1,0,0,0,4,2,0,0,2,1,0,9,0,1,0,,,Match Report,2025-2026,Desire Doue
2025-12-20,Sat,Coupe de France,Round of 64,Away,W 4–0,Paris Saint-Germain,Vendée Fontenay Foot,Y,FW,60,1,0,0,0,4,3,0,0,0,2,0,4,1,0,0,,,Match Report,2025-2026,Desire Doue
2025-12-13,Sat,Ligue 1,Matchweek 16,Away,W 3–2,Paris Saint-Germain,Metz,N,,45,1,0,0,0,2,2,0,0,2,1,0,0,1,0,0,,,Match Report,2025-2026,Desire Doue
2025-12-10,Wed,Champions Lg,League phase,Away,D 0–0,fr Paris Saint-Germain,es Athletic Club,N,,29,0,0,0,0,0,0,0,0,1,0,0,2,1,1,0,,,Match Report,2025-2026,Desire Doue
2025-10-29,Wed,Ligue 1,Matchweek 10,Away,D 1–1,Paris Saint-Germain,Lorient,Y,FW,62,0,0,0,0,0,0,0,0,2,1,0,2,1,0,0,,,Match Report,2025-2026,Desire Doue
2025-10-25,Sat,Ligue 1,Matchweek 9,Away,W 3–0,Paris Saint-Germain,Brest,N,,21,1,0,0,0,3,1,0,0,0,0,0,1,0,0,0,,,Match Report,2025-2026,Desire Doue
2025-10-21,Tue,Champions Lg,League phase,Away,W 7–2,fr Paris Saint-Germain,de Leverkusen,Y,FW,45,2,0,0,0,2,2,0,0,1,1,0,0,0,1,0,,,Match Report,2025-2026,Desire Doue
2025-10-17,Fri,Ligue 1,Matchweek 8,Home,D 3–3,Paris Saint-Germain,Strasbourg,Y,CM,60,0,1,0,0,2,1,0,0,0,2,0,0,2,0,0,,,Match Report,2025-2026,Desire Doue
2025-09-05,Fri,WCQ,First round,Away,W 2–0,fr France,ua Ukraine,Y,AM,45,0,0,0,0,3,1,0,0,0,0,0,1,0,0,0,,,Match Report,2025-2026,Desire Doue
2025-08-30,Sat,Ligue 1,Matchweek 3,Away,W 6–3,Paris Saint-Germain,Toulouse,Y,FW,62,0,0,0,0,2,0,0,0,2,3,0,1,0,0,0,,,Match Report,2025-2026,Desire Doue
2025-08-22,Fri,Ligue 1,Matchweek 2,Home,W 1–0,Paris Saint-Germain,Angers,Y,FW,76,0,0,0,0,2,0,0,0,0,2,0,7,3,1,0,,,Match Report,2025-2026,Desire Doue
2025-08-17,Sun,Ligue 1,Matchweek 1,Away,W 1–0,Paris Saint-Germain,Nantes,N,,30,0,0,0,0,0,0,0,0,0,1,0,1,3,1,0,,,Match Report,2025-2026,Desire Doue
2025-08-13,Wed,Super Cup,UEFA Super Cup,Neutral,D 2 (4)–2 (3),fr Paris Saint-Germain,eng Tottenham Hotspur,Y,CM,76,0,0,0,0,2,1,0,0,3,1,0,4,0,2,,,,Match Report,2025-2026,Desire Doue
2025-07-13,Sun,Club World Cup,Final,Neutral,L 0–3,fr Paris Saint-Germain,eng Chelsea,Y,FW,72,0,0,0,0,2,1,0,0,0,2,0,2,0,0,0,,,Match Report,2025-2026,Desire Doue
2025-07-09,Wed,Club World Cup,Semi-finals,Neutral,W 4–0,fr Paris Saint-Germain,es Real Madrid,Y,FW,65,0,0,0,0,0,0,0,0,2,1,0,2,1,1,0,,,Match Report,2025-2026,Desire Doue
2025-07-05,Sat,Club World Cup,Quarter-finals,Neutral,W 2–0,fr Paris Saint-Germain,de Bayern Munich,Y,FW,79,1,0,0,0,2,1,1,0,2,1,0,0,1,1,0,,,Match Report,2025-2026,Desire Doue
2025-06-29,Sun,Club World Cup,Round of 16,Neutral,W 4–0,fr Paris Saint-Germain,us Inter Miami,Y,FW,90,0,0,0,0,2,1,0,0,1,2,1,5,1,1,0,,,Match Report,2024-2025,Desire Doue
2025-06-23,Mon,Club World Cup,Group stage,Neutral,W 2–0,fr Paris Saint-Germain,us Seattle Sounders,Y,FW,82,0,0,0,0,4,3,0,0,1,0,0,1,4,1,0,,,Match Report,2024-2025,Desire Doue
2025-06-19,Thu,Club World Cup,Group stage,Neutral,L 0–1,fr Paris Saint-Germain,br Botafogo (RJ),Y,FW,78,0,0,0,0,2,0,0,0,2,1,0,11,1,0,0,,,Match Report,2024-2025,Desire Doue
2025-06-15,Sun,Club World Cup,Group stage,Neutral,W 4–0,fr Paris Saint-Germain,es Atlético Madrid,Y,FW,79,0,0,0,0,1,1,0,0,0,2,0,3,0,2,0,,,Match Report,2024-2025,Desire Doue
2025-06-08,Sun,UEFA Nations League,Third-place match,Neutral,W 2–0,fr France,de Germany,N,,22,0,0,0,0,2,1,0,0,0,0,0,0,0,1,0,,,Match Report,2024-2025,Desire Doue
2025-06-05,Thu,UEFA Nations League,Semi-finals,Neutral,L 4–5,fr France,es Spain,Y,AM,62,0,0,0,0,3,2,0,0,2,1,0,1,0,1,0,,,Match Report,2024-2025,Desire Doue
2025-05-31,Sat,Champions Lg,Final,Neutral,W 5–0,fr Paris Saint-Germain,it Inter,Y,FW,66,2,1,0,0,4,3,1,0,2,1,0,1,1,1,0,,,Match Report,2024-2025,Desire Doue
2025-05-24,Sat,Coupe de France,Final,Neutral,W 3–0,Paris Saint-Germain,Reims,Y,FW,70,0,2,0,0,4,0,0,0,0,0,1,4,1,0,0,,,Match Report,2024-2025,Desire Doue
2025-05-17,Sat,Ligue 1,Matchweek 34,Home,W 3–1,Paris Saint-Germain,Auxerre,N,,31,0,0,0,0,0,0,0,0,0,3,0,0,1,0,0,,,Match Report,2024-2025,Desire Doue
2025-05-10,Sat,Ligue 1,Matchweek 33,Away,W 4–1,Paris Saint-Germain,Montpellier,Y,AM,59,0,0,0,0,0,0,0,0,0,3,0,2,3,0,0,,,Match Report,2024-2025,Desire Doue
2025-05-07,Wed,Champions Lg,Semi-finals,Home,W 2–1,fr Paris Saint-Germain,eng Arsenal,Y,FW,73,0,0,0,0,3,1,0,0,2,1,1,2,1,0,0,,,Match Report,2024-2025,Desire Doue
2025-05-03,Sat,Ligue 1,Matchweek 32,Away,L 1–2,Paris Saint-Germain,Strasbourg,N,,45,0,0,0,0,2,0,0,0,1,1,0,4,1,1,0,,,Match Report,2024-2025,Desire Doue
2025-04-29,Tue,Champions Lg,Semi-finals,Away,W 1–0,fr Paris Saint-Germain,eng Arsenal,Y,FW,75,0,0,0,0,2,1,0,0,2,3,0,1,0,0,0,,,Match Report,2024-2025,Desire Doue
2025-04-25,Fri,Ligue 1,Matchweek 31,Home,L 1–3,Paris Saint-Germain,Nice,Y,FW,58,0,0,0,0,1,0,0,0,1,1,0,8,1,0,0,,,Match Report,2024-2025,Desire Doue
2025-04-22,Tue,Ligue 1,Matchweek 29,Away,D 1–1,Paris Saint-Germain,Nantes,N,,28,0,0,0,0,0,0,0,0,0,1,0,3,2,0,0,,,Match Report,2024-2025,Desire Doue
2025-04-19,Sat,Ligue 1,Matchweek 30,Home,W 2–1,Paris Saint-Germain,Le Havre,Y,CM,80,1,0,0,0,4,3,0,0,2,1,0,2,2,0,0,,,Match Report,2024-2025,Desire Doue
2025-04-15,Tue,Champions Lg,Quarter-finals,Away,L 2–3,fr Paris Saint-Germain,eng Aston Villa,N,,33,0,0,0,0,1,1,0,0,0,1,1,1,2,0,0,,,Match Report,2024-2025,Desire Doue
2025-04-09,Wed,Champions Lg,Quarter-finals,Home,W 3–1,fr Paris Saint-Germain,eng Aston Villa,Y,FW,71,1,0,0,0,6,3,0,0,0,2,0,1,2,1,0,,,Match Report,2024-2025,Desire Doue
2025-04-05,Sat,Ligue 1,Matchweek 28,Home,W 1–0,Paris Saint-Germain,Angers,Y,FW,66,1,0,0,0,2,1,0,0,1,3,0,6,0,0,0,,,Match Report,2024-2025,Desire Doue
2025-04-01,Tue,Coupe de France,Semi-finals,Away,W 4–2,Paris Saint-Germain,USL Dunkerque,Y,FW,89,1,0,0,0,7,1,0,0,2,0,1,7,2,1,0,,,Match Report,2024-2025,Desire Doue
2025-03-29,Sat,Ligue 1,Matchweek 27,Away,W 6–1,Paris Saint-Germain,Saint-Étienne,Y,CM,90,2,0,0,0,5,3,0,0,4,1,0,3,3,3,0,,,Match Report,2024-2025,Desire Doue
2025-03-23,Sun,UEFA Nations League,Quarter-finals,Home,W 2 (5)–0 (4),fr France,hr Croatia,N,,55,0,0,0,0,4,2,0,0,0,0,0,4,1,0,0,,,Match Report,2024-2025,Desire Doue
2025-03-20,Thu,UEFA Nations League,Quarter-finals,Away,L 0–2,fr France,hr Croatia,N,"On matchday squad, but did not play","On matchday squad, but did not play","On matchday squad, but did not play","On matchday squad, but did not play","On matchday squad, but did not play","On matchday squad, but did not play","On matchday squad, but did not play","On matchday squad, but did not play","On matchday squad, but did not play","On matchday squad, but did not play","On matchday squad, but did not play","On matchday squad, but did not play","On matchday squad, but did not play","On matchday squad, but did not play","On matchday squad, but did not play","On matchday squad, but did not play","On matchday squad, but did not play","On matchday squad, but did not play","On matchday squad, but did not play",Match Report,2024-2025,Desire Doue
2025-03-16,Sun,Ligue 1,Matchweek 26,Home,W 3–1,Paris Saint-Germain,Marseille,Y,FW,71,0,0,0,0,1,0,0,0,0,2,0,3,0,0,0,,,Match Report,2024-2025,Desire Doue
2025-03-11,Tue,Champions Lg,Round of 16,Away,W 1 (4)–0 (1),fr Paris Saint-Germain,eng Liverpool,N,,54,0,0,0,0,2,0,0,0,1,0,0,1,2,0,0,,,Match Report,2024-2025,Desire Doue
2025-03-08,Sat,Ligue 1,Matchweek 25,Away,W 4–1,Paris Saint-Germain,Rennes,Y,CM,90,0,1,0,0,2,0,0,0,1,1,0,4,3,0,0,,,Match Report,2024-2025,Desire Doue
2025-03-05,Wed,Champions Lg,Round of 16,Home,L 0–1,fr Paris Saint-Germain,eng Liverpool,N,,25,0,0,0,0,3,2,0,0,0,1,0,0,0,0,0,,,Match Report,2024-2025,Desire Doue
2025-03-01,Sat,Ligue 1,Matchweek 24,Home,W 4–1,Paris Saint-Germain,Lille,Y,CM,74,1,1,0,0,1,1,0,0,1,2,0,4,1,1,0,,,Match Report,2024-2025,Desire Doue
2025-02-26,Wed,Coupe de France,Quarter-finals,Away,W 7–0,Paris Saint-Germain,Stade Briochin,Y,FW,90,1,2,0,0,4,1,0,0,0,0,0,3,2,0,0,,,Match Report,2024-2025,Desire Doue
2025-02-23,Sun,Ligue 1,Matchweek 23,Away,W 3–2,Paris Saint-Germain,Lyon,Y,CM,60,0,0,0,0,2,0,0,0,2,1,0,2,1,1,0,,,Match Report,2024-2025,Desire Doue
2025-02-19,Wed,Champions Lg,Knockout phase play-offs,Home,W 7–0,fr Paris Saint-Germain,fr Brest,N,,31,1,1,0,0,2,2,0,0,0,1,0,1,1,0,0,,,Match Report,2024-2025,Desire Doue
2025-02-15,Sat,Ligue 1,Matchweek 22,Away,W 1–0,Paris Saint-Germain,Toulouse,Y,CM,90,0,0,0,0,2,0,0,0,2,0,0,2,4,0,0,,,Match Report,2024-2025,Desire Doue
2025-02-11,Tue,Champions Lg,Knockout phase play-offs,Away,W 3–0,fr Paris Saint-Germain,fr Brest,Y,FW,66,0,0,0,0,0,0,0,0,1,2,0,5,1,2,0,,,Match Report,2024-2025,Desire Doue
2025-02-07,Fri,Ligue 1,Matchweek 21,Home,W 4–1,Paris Saint-Germain,Monaco,Y,CM,62,0,1,0,0,2,1,1,0,0,1,0,6,0,0,0,,,Match Report,2024-2025,Desire Doue
2025-02-04,Tue,Coupe de France,Round of 16,Away,W 2–0,Paris Saint-Germain,Le Mans,Y,FW,67,1,0,0,0,2,1,0,0,1,3,0,3,1,0,0,,,Match Report,2024-2025,Desire Doue
2025-02-01,Sat,Ligue 1,Matchweek 20,Away,W 5–2,Paris Saint-Germain,Brest,N,,33,0,1,0,0,1,0,0,0,0,0,0,0,0,0,0,,,Match Report,2024-2025,Desire Doue
2025-01-29,Wed,Champions Lg,League phase,Away,W 4–1,fr Paris Saint-Germain,de Stuttgart,Y,FW,59,0,1,0,0,4,2,0,0,2,0,1,0,0,1,0,,,Match Report,2024-2025,Desire Doue
2025-01-25,Sat,Ligue 1,Matchweek 19,Home,D 1–1,Paris Saint-Germain,Reims,Y,CM,90,0,0,0,0,1,0,0,0,0,2,0,5,1,0,0,,,Match Report,2024-2025,Desire Doue
2025-01-22,Wed,Champions Lg,League phase,Home,W 4–2,fr Paris Saint-Germain,eng Manchester City,Y,FW,60,0,0,0,0,2,1,0,0,0,1,0,4,1,1,0,,,Match Report,2024-2025,Desire Doue
2025-01-18,Sat,Ligue 1,Matchweek 18,Away,W 2–1,Paris Saint-Germain,Lens,Y,FW,87,0,0,0,0,2,2,0,0,1,3,0,2,1,2,0,,,Match Report,2024-2025,Desire Doue
2025-01-15,Wed,Coupe de France,Round of 32,Away,W 4–2,Paris Saint-Germain,FC Espaly,Y,FW,90,1,1,0,0,6,3,0,0,2,2,0,6,1,0,0,,,Match Report,2024-2025,Desire Doue
2025-01-12,Sun,Ligue 1,Matchweek 17,Home,W 2–1,Paris Saint-Germain,Saint-Étienne,N,,28,0,0,0,0,2,0,0,0,0,1,0,0,1,2,0,,,Match Report,2024-2025,Desire Doue
2025-01-05,Sun,Trophée des Champions,Trophée des Champions,Neutral,W 1–0,Paris Saint-Germain,Monaco,Y,FW,71,0,0,0,0,4,1,0,0,2,3,1,1,1,0,,,,Match Report,2024-2025,Desire Doue
2024-12-22,Sun,Coupe de France,Round of 64,Away,D 1 (4)–1 (3),Paris Saint-Germain,Lens,Y,FW,65,0,0,0,0,2,1,0,0,0,1,0,1,1,0,0,,,Match Report,2024-2025,Desire Doue
2024-12-18,Wed,Ligue 1,Matchweek 16,Away,W 4–2,Paris Saint-Germain,Monaco,Y,FW,79,1,0,0,0,2,1,0,0,0,2,0,3,1,1,0,,,Match Report,2024-2025,Desire Doue
2024-12-15,Sun,Ligue 1,Matchweek 15,Home,W 3–1,Paris Saint-Germain,Lyon,Y,FW,82,0,1,0,0,1,0,0,0,2,3,0,2,1,1,0,,,Match Report,2024-2025,Desire Doue
2024-12-10,Tue,Champions Lg,League phase,Away,W 3–0,fr Paris Saint-Germain,at RB Salzburg,N,,25,1,0,0,0,1,1,0,0,2,0,0,0,1,0,0,,,Match Report,2024-2025,Desire Doue
2024-12-06,Fri,Ligue 1,Matchweek 14,Away,D 0–0,Paris Saint-Germain,Auxerre,N,,24,0,0,0,0,1,1,0,0,1,0,0,0,1,0,0,,,Match Report,2024-2025,Desire Doue
2024-11-30,Sat,Ligue 1,Matchweek 13,Home,D 1–1,Paris Saint-Germain,Nantes,N,,18,0,0,0,0,0,0,0,0,0,1,0,2,0,1,0,,,Match Report,2024-2025,Desire Doue
2024-11-26,Tue,Champions Lg,League phase,Away,L 0–1,fr Paris Saint-Germain,de Bayern Munich,N,"On matchday squad, but did not play","On matchday squad, but did not play","On matchday squad, but did not play","On matchday squad, but did not play","On matchday squad, but did not play","On matchday squad, but did not play","On matchday squad, but did not play","On matchday squad, but did not play","On matchday squad, but did not play","On matchday squad, but did not play","On matchday squad, but did not play","On matchday squad, but did not play","On matchday squad, but did not play","On matchday squad, but did not play","On matchday squad, but did not play","On matchday squad, but did not play","On matchday squad, but did not play","On matchday squad, but did not play","On matchday squad, but did not play",Match Report,2024-2025,Desire Doue
2024-11-22,Fri,Ligue 1,Matchweek 12,Home,W 3–0,Paris Saint-Germain,Toulouse,Y,AM,59,0,0,0,0,1,0,0,0,1,1,0,1,0,0,0,,,Match Report,2024-2025,Desire Doue
2024-11-09,Sat,Ligue 1,Matchweek 11,Away,W 4–2,Paris Saint-Germain,Angers,N,,45,0,0,0,0,2,0,0,0,1,2,0,1,1,0,0,,,Match Report,2024-2025,Desire Doue
2024-11-06,Wed,Champions Lg,League phase,Home,L 1–2,fr Paris Saint-Germain,es Atlético Madrid,N,,1,0,0,0,0,1,0,0,0,0,0,0,0,0,0,0,,,Match Report,2024-2025,Desire Doue
2024-11-02,Sat,Ligue 1,Matchweek 10,Home,W 1–0,Paris Saint-Germain,Lens,N,,20,0,0,0,0,2,0,0,0,1,0,1,0,0,0,0,,,Match Report,2024-2025,Desire Doue
2024-10-27,Sun,Ligue 1,Matchweek 9,Away,W 3–0,Paris Saint-Germain,Marseille,N,,24,0,0,0,0,4,2,0,0,0,0,0,2,0,0,0,,,Match Report,2024-2025,Desire Doue
2024-10-22,Tue,Champions Lg,League phase,Home,D 1–1,fr Paris Saint-Germain,nl PSV,N,,10,0,0,0,0,0,0,0,0,0,0,0,1,0,0,0,,,Match Report,2024-2025,Desire Doue
2024-10-19,Sat,Ligue 1,Matchweek 8,Home,W 4–2,Paris Saint-Germain,Strasbourg,Y,FW,90,0,0,0,0,3,1,0,0,1,3,0,4,1,0,0,,,Match Report,2024-2025,Desire Doue
2024-10-06,Sun,Ligue 1,Matchweek 7,Away,D 1–1,Paris Saint-Germain,Nice,N,"On matchday squad, but did not play","On matchday squad, but did not play","On matchday squad, but did not play","On matchday squad, but did not play","On matchday squad, but did not play","On matchday squad, but did not play","On matchday squad, but did not play","On matchday squad, but did not play","On matchday squad, but did not play","On matchday squad, but did not play","On matchday squad, but did not play","On matchday squad, but did not play","On matchday squad, but did not play","On matchday squad, but did not play","On matchday squad, but did not play","On matchday squad, but did not play","On matchday squad, but did not play","On matchday squad, but did not play","On matchday squad, but did not play",Match Report,2024-2025,Desire Doue
2024-10-01,Tue,Champions Lg,League phase,Away,L 0–2,fr Paris Saint-Germain,eng Arsenal,Y,FW,63,0,0,0,0,0,0,0,0,0,0,1,1,1,0,0,,,Match Report,2024-2025,Desire Doue
2024-09-21,Sat,Ligue 1,Matchweek 5,Away,D 1–1,Paris Saint-Germain,Reims,Y,FW,64,0,0,0,0,3,2,0,0,1,3,0,2,0,0,0,,,Match Report,2024-2025,Desire Doue
2024-09-18,Wed,Champions Lg,League phase,Home,W 1–0,fr Paris Saint-Germain,es Girona,N,,28,0,0,0,0,1,0,0,0,0,0,0,2,1,0,0,,,Match Report,2024-2025,Desire Doue
2024-09-14,Sat,Ligue 1,Matchweek 4,Home,W 3–1,Paris Saint-Germain,Brest,N,,28,0,0,0,0,0,0,0,0,2,1,0,2,0,0,0,,,Match Report,2024-2025,Desire Doue
2024-09-01,Sun,Ligue 1,Matchweek 3,Away,W 3–1,Paris Saint-Germain,Lille,N,,26,0,1,0,0,1,0,0,0,1,1,0,1,1,0,0,,,Match Report,2024-2025,Desire Doue
2024-08-23,Fri,Ligue 1,Matchweek 2,Home,W 6–0,Paris Saint-Germain,Montpellier,N,,29,0,0,0,0,5,2,0,0,1,0,0,2,0,0,0,,,Match Report,2024-2025,Desire Doue
2024-05-19,Sun,Ligue 1,Matchweek 34,Away,L 1–2,Rennes,Reims,Y,AM,60,0,0,0,0,1,0,0,0,2,0,0,4,0,1,0,,,Match Report,2023-2024,Desire Doue
2024-05-12,Sun,Ligue 1,Matchweek 33,Home,D 1–1,Rennes,Lens,Y,LM,90,0,0,0,0,2,2,0,0,0,3,0,6,1,0,0,,,Match Report,2023-2024,Desire Doue
2024-05-04,Sat,Ligue 1,Matchweek 32,Away,W 3–2,Rennes,Metz,Y,CM,86,0,0,0,0,0,0,0,0,0,2,0,3,1,1,0,,,Match Report,2023-2024,Desire Doue
2024-04-28,Sun,Ligue 1,Matchweek 31,Home,L 4–5,Rennes,Brest,Y,LM,90,0,0,0,0,1,1,0,0,1,3,0,2,1,0,0,,,Match Report,2023-2024,Desire Doue
2024-04-20,Sat,Ligue 1,Matchweek 30,Away,W 3–0,Rennes,Nantes,Y,AM,90,0,1,0,0,2,1,1,0,1,0,0,4,0,1,0,,,Match Report,2023-2024,Desire Doue
2024-04-13,Sat,Ligue 1,Matchweek 29,Home,L 1–2,Rennes,Toulouse,Y,AM,90,1,0,0,0,4,1,0,0,2,6,0,3,0,0,0,,,Match Report,2023-2024,Desire Doue
2024-04-07,Sun,Ligue 1,Matchweek 28,Away,L 0–1,Rennes,Monaco,Y,CM,90,0,0,0,0,0,0,0,0,1,4,0,6,0,1,0,,,Match Report,2023-2024,Desire Doue
2024-04-03,Wed,Coupe de France,Semi-finals,Away,L 0–1,Rennes,Paris Saint-Germain,Y,LW,81,0,0,0,0,1,0,0,0,0,1,0,0,1,4,0,,,Match Report,2023-2024,Desire Doue
2024-03-31,Sun,Ligue 1,Matchweek 27,Away,L 0–2,Rennes,Strasbourg,Y,RW,74,0,0,0,0,0,0,0,0,2,3,1,3,0,0,0,,,Match Report,2023-2024,Desire Doue
2024-03-17,Sun,Ligue 1,Matchweek 26,Home,W 2–0,Rennes,Marseille,N,,25,0,0,0,0,1,0,0,0,1,0,0,1,0,0,0,,,Match Report,2023-2024,Desire Doue
2024-03-03,Sun,Ligue 1,Matchweek 24,Home,L 1–2,Rennes,Lorient,Y,AM,81,0,0,0,0,4,2,0,0,2,1,0,6,2,1,0,,,Match Report,2023-2024,Desire Doue
2024-02-29,Thu,Coupe de France,Quarter-finals,Away,W 3–1,Rennes,Le Puy Foot 43,Y,LM,69,0,0,0,0,1,0,0,0,5,1,0,1,2,1,0,,,Match Report,2023-2024,Desire Doue
2024-02-25,Sun,Ligue 1,Matchweek 23,Away,D 1–1,Rennes,Paris Saint-Germain,Y,CM,55,0,1,0,0,0,0,1,0,4,2,0,0,2,1,0,,,Match Report,2023-2024,Desire Doue
2024-02-22,Thu,Europa Lg,Knockout round play-offs,Home,W 3–2,fr Rennes,it Milan,Y,CM,71,0,0,0,0,4,1,0,0,3,1,0,3,0,1,0,,,Match Report,2023-2024,Desire Doue
2024-02-18,Sun,Ligue 1,Matchweek 22,Home,W 3–1,Rennes,Clermont Foot,N,,28,0,1,0,0,0,0,0,0,0,1,0,1,0,0,0,,,Match Report,2023-2024,Desire Doue
2024-02-15,Thu,Europa Lg,Knockout round play-offs,Away,L 0–3,fr Rennes,it Milan,Y,LM,74,0,0,0,0,2,1,0,0,0,0,0,2,2,0,0,,,Match Report,2023-2024,Desire Doue
2024-02-11,Sun,Ligue 1,Matchweek 21,Away,W 1–0,Rennes,Le Havre,Y,LM,60,0,0,0,0,1,0,0,0,1,1,1,0,2,0,0,,,Match Report,2023-2024,Desire Doue
2024-02-06,Tue,Coupe de France,Round of 16,Away,W 6–1,Rennes,Sochaux,N,,34,0,0,0,0,2,1,0,0,1,1,0,0,0,3,0,,,Match Report,2023-2024,Desire Doue
2024-02-03,Sat,Ligue 1,Matchweek 20,Home,W 2–1,Rennes,Montpellier,Y,LM,45,0,0,0,0,0,0,0,0,1,2,0,0,0,2,0,,,Match Report,2023-2024,Desire Doue
2024-01-26,Fri,Ligue 1,Matchweek 19,Away,W 3–2,Rennes,Lyon,Y,LM,78,1,1,0,0,2,1,0,0,2,2,0,1,1,3,0,,,Match Report,2023-2024,Desire Doue
2024-01-21,Sun,Coupe de France,Round of 32,Home,D 1 (9)–1 (8),Rennes,Marseille,Y,LM,72,0,0,0,0,4,2,1,0,1,3,2,0,2,0,0,,,Match Report,2023-2024,Desire Doue
2024-01-13,Sat,Ligue 1,Matchweek 18,Home,W 2–0,Rennes,Nice,Y,LM,85,0,0,0,0,1,0,0,0,3,2,0,3,1,0,0,,,Match Report,2023-2024,Desire Doue
2024-01-07,Sun,Coupe de France,Round of 64,Away,W 2–0,Rennes,Guingamp,Y,DM,75,0,0,0,0,3,0,0,0,0,2,1,3,1,0,0,,,Match Report,2023-2024,Desire Doue
2023-12-20,Wed,Ligue 1,Matchweek 17,Away,W 3–1,Rennes,Clermont Foot,N,,45,1,0,0,0,3,2,1,0,0,1,0,4,0,0,0,,,Match Report,2023-2024,Desire Doue
2023-12-17,Sun,Ligue 1,Matchweek 16,Away,D 0–0,Rennes,Toulouse,N,,13,0,0,0,0,0,0,0,0,1,1,0,4,0,0,0,,,Match Report,2023-2024,Desire Doue
2023-12-14,Thu,Europa Lg,Group stage,Home,L 2–3,fr Rennes,es Villarreal,N,"On matchday squad, but did not play","On matchday squad, but did not play","On matchday squad, but did not play","On matchday squad, but did not play","On matchday squad, but did not play","On matchday squad, but did not play","On matchday squad, but did not play","On matchday squad, but did not play","On matchday squad, but did not play","On matchday squad, but did not play","On matchday squad, but did not play","On matchday squad, but did not play","On matchday squad, but did not play","On matchday squad, but did not play","On matchday squad, but did not play","On matchday squad, but did not play","On matchday squad, but did not play","On matchday squad, but did not play","On matchday squad, but did not play",Match Report,2023-2024,Desire Doue
2023-12-09,Sat,Ligue 1,Matchweek 15,Home,L 1–2,Rennes,Monaco,N,,8,0,0,0,0,0,0,0,0,0,1,0,2,0,0,0,,,Match Report,2023-2024,Desire Doue
2023-11-30,Thu,Europa Lg,Group stage,Away,W 3–0,fr Rennes,il Maccabi Haifa,N,,20,0,0,0,0,0,0,0,0,0,1,0,0,0,0,0,,,Match Report,2023-2024,Desire Doue
2023-11-26,Sun,Ligue 1,Matchweek 13,Home,W 3–1,Rennes,Reims,N,"On matchday squad, but did not play","On matchday squad, but did not play","On matchday squad, but did not play","On matchday squad, but did not play","On matchday squad, but did not play","On matchday squad, but did not play","On matchday squad, but did not play","On matchday squad, but did not play","On matchday squad, but did not play","On matchday squad, but did not play","On matchday squad, but did not play","On matchday squad, but did not play","On matchday squad, but did not play","On matchday squad, but did not play","On matchday squad, but did not play","On matchday squad, but did not play","On matchday squad, but did not play","On matchday squad, but did not play","On matchday squad, but did not play",Match Report,2023-2024,Desire Doue
2023-11-12,Sun,Ligue 1,Matchweek 12,Home,L 0–1,Rennes,Lyon,N,,18,0,0,0,0,0,0,0,0,0,2,0,4,2,0,0,,,Match Report,2023-2024,Desire Doue
2023-11-09,Thu,Europa Lg,Group stage,Home,W 3–1,fr Rennes,gr Panathinaikos,N,"On matchday squad, but did not play","On matchday squad, but did not play","On matchday squad, but did not play","On matchday squad, but did not play","On matchday squad, but did not play","On matchday squad, but did not play","On matchday squad, but did not play","On matchday squad, but did not play","On matchday squad, but did not play","On matchday squad, but did not play","On matchday squad, but did not play","On matchday squad, but did not play","On matchday squad, but did not play","On matchday squad, but did not play","On matchday squad, but did not play","On matchday squad, but did not play","On matchday squad, but did not play","On matchday squad, but did not play","On matchday squad, but did not play",Match Report,2023-2024,Desire Doue
2023-11-05,Sun,Ligue 1,Matchweek 11,Away,L 0–2,Rennes,Nice,N,,32,0,0,0,0,1,1,0,0,0,0,0,2,1,0,0,,,Match Report,2023-2024,Desire Doue
2023-10-29,Sun,Ligue 1,Matchweek 10,Home,D 1–1,Rennes,Strasbourg,Y,CM,90,0,0,0,0,2,0,0,0,2,3,0,0,1,0,0,,,Match Report,2023-2024,Desire Doue
2023-10-26,Thu,Europa Lg,Group stage,Away,W 2–1,fr Rennes,gr Panathinaikos,N,,11,0,0,0,0,1,0,0,0,1,0,0,0,0,0,0,,,Match Report,2023-2024,Desire Doue
2023-10-22,Sun,Ligue 1,Matchweek 9,Away,L 1–2,Rennes,Lorient,N,,29,0,0,0,0,1,0,0,0,0,1,0,6,1,0,0,,,Match Report,2023-2024,Desire Doue
2023-10-08,Sun,Ligue 1,Matchweek 8,Home,L 1–3,Rennes,Paris Saint-Germain,N,,25,0,0,0,0,1,0,0,0,0,1,0,2,0,0,0,,,Match Report,2023-2024,Desire Doue
2023-10-05,Thu,Europa Lg,Group stage,Away,L 0–1,fr Rennes,es Villarreal,Y,AM,80,0,0,0,0,4,0,1,0,3,3,1,2,3,1,0,,,Match Report,2023-2024,Desire Doue
2023-10-01,Sun,Ligue 1,Matchweek 7,Home,W 3–1,Rennes,Nantes,N,,20,1,0,0,0,1,1,0,0,1,0,0,0,1,0,0,,,Match Report,2023-2024,Desire Doue
2023-09-24,Sun,Ligue 1,Matchweek 6,Away,D 0–0,Rennes,Montpellier,Y,AM,64,0,0,0,0,1,0,0,0,3,1,0,0,1,0,0,,,Match Report,2023-2024,Desire Doue
2023-09-21,Thu,Europa Lg,Group stage,Home,W 3–0,fr Rennes,il Maccabi Haifa,Y,AM,90,0,0,0,0,5,2,0,0,2,2,0,3,1,4,0,,,Match Report,2023-2024,Desire Doue
2023-09-16,Sat,Ligue 1,Matchweek 5,Home,D 2–2,Rennes,Lille,Y,FW,54,0,0,0,0,0,0,0,0,0,3,0,0,0,0,0,,,Match Report,2023-2024,Desire Doue
2023-09-02,Sat,Ligue 1,Matchweek 4,Away,D 0–0,Rennes,Brest,N,,45,0,0,0,0,0,0,0,0,4,5,0,2,1,1,0,,,Match Report,2023-2024,Desire Doue
2023-08-27,Sun,Ligue 1,Matchweek 3,Home,D 2–2,Rennes,Le Havre,N,,11,0,0,0,0,1,0,0,0,0,0,0,1,0,0,0,,,Match Report,2023-2024,Desire Doue
2023-08-20,Sun,Ligue 1,Matchweek 2,Away,D 1–1,Rennes,Lens,N,,28,0,0,0,0,2,0,0,0,1,2,0,0,0,2,0,,,Match Report,2023-2024,Desire Doue
2023-08-13,Sun,Ligue 1,Matchweek 1,Home,W 5–1,Rennes,Metz,N,,17,0,0,0,0,2,1,0,0,0,2,0,0,0,0,0,,,Match Report,2023-2024,Desire Doue
2023-06-03,Sat,Ligue 1,Matchweek 38,Away,W 2–1,Rennes,Brest,N,,4,0,0,0,0,0,0,0,0,1,0,0,0,0,2,0,,,Match Report,2022-2023,Desire Doue
2023-05-27,Sat,Ligue 1,Matchweek 37,Home,W 2–0,Rennes,Monaco,N,"On matchday squad, but did not play","On matchday squad, but did not play","On matchday squad, but did not play","On matchday squad, but did not play","On matchday squad, but did not play","On matchday squad, but did not play","On matchday squad, but did not play","On matchday squad, but did not play","On matchday squad, but did not play","On matchday squad, but did not play","On matchday squad, but did not play","On matchday squad, but did not play","On matchday squad, but did not play","On matchday squad, but did not play","On matchday squad, but did not play","On matchday squad, but did not play","On matchday squad, but did not play","On matchday squad, but did not play","On matchday squad, but did not play",Match Report,2022-2023,Desire Doue
2023-05-21,Sun,Ligue 1,Matchweek 36,Away,W 5–0,Rennes,Ajaccio,N,,12,0,0,0,0,0,0,0,0,0,0,0,1,0,0,0,,,Match Report,2022-2023,Desire Doue
2023-04-15,Sat,Ligue 1,Matchweek 31,Home,W 3–0,Rennes,Reims,N,,23,0,0,0,0,0,0,0,0,2,1,0,2,0,0,0,,,Match Report,2022-2023,Desire Doue
2023-04-09,Sun,Ligue 1,Matchweek 30,Away,L 1–3,Rennes,Lyon,N,,18,0,0,0,0,0,0,0,0,2,2,0,0,0,0,0,,,Match Report,2022-2023,Desire Doue
2023-04-01,Sat,Ligue 1,Matchweek 29,Home,L 0–1,Rennes,Lens,Y,RM,55,0,0,0,0,1,0,1,0,4,1,0,0,0,0,0,,,Match Report,2022-2023,Desire Doue
2023-03-19,Sun,Ligue 1,Matchweek 28,Away,W 2–0,Rennes,Paris Saint-Germain,Y,RM,70,0,0,0,0,0,0,0,0,1,1,0,3,3,2,0,,,Match Report,2022-2023,Desire Doue
2023-03-05,Sun,Ligue 1,Matchweek 26,Home,L 0–1,Rennes,Marseille,N,,65,0,0,0,0,1,0,1,0,2,1,0,3,1,0,0,,,Match Report,2022-2023,Desire Doue
2023-02-26,Sun,Ligue 1,Matchweek 25,Away,W 1–0,Rennes,Nantes,N,,27,0,0,0,0,0,0,0,0,0,0,0,0,1,0,0,,,Match Report,2022-2023,Desire Doue
2023-02-23,Thu,Europa Lg,Knockout round play-offs,Home,W 2 (4)–1 (5),fr Rennes,ua Shakhtar Donetsk,N,,25,0,0,0,0,0,0,0,0,1,0,0,2,0,1,0,,,Match Report,2022-2023,Desire Doue
2023-02-19,Sun,Ligue 1,Matchweek 24,Home,W 2–0,Rennes,Clermont Foot,Y,AM,74,0,0,0,0,3,0,0,0,3,1,0,0,0,1,0,,,Match Report,2022-2023,Desire Doue
2023-02-16,Thu,Europa Lg,Knockout round play-offs,Away,L 1–2,fr Rennes,ua Shakhtar Donetsk,N,,20,0,0,0,0,0,0,0,0,2,0,0,0,0,0,0,,,Match Report,2022-2023,Desire Doue
2023-02-12,Sun,Ligue 1,Matchweek 23,Away,L 1–3,Rennes,Toulouse,Y,CM,68,0,0,0,0,3,1,0,0,3,2,0,2,0,0,0,,,Match Report,2022-2023,Desire Doue
2023-02-04,Sat,Ligue 1,Matchweek 22,Home,L 1–3,Rennes,Lille,Y,FW,61,0,0,0,0,1,0,0,0,5,3,0,0,1,0,0,,,Match Report,2022-2023,Desire Doue
2023-02-01,Wed,Ligue 1,Matchweek 21,Home,W 3–0,Rennes,Strasbourg,Y,FW,82,1,1,0,0,1,1,0,0,0,0,0,1,1,2,0,,,Match Report,2022-2023,Desire Doue
2023-01-27,Fri,Ligue 1,Matchweek 20,Away,L 1–2,Rennes,Lorient,Y,LM,56,0,0,0,0,1,0,0,0,1,2,0,3,0,0,0,,,Match Report,2022-2023,Desire Doue
2023-01-20,Fri,Coupe de France,Round of 32,Away,L 0–1,Rennes,Marseille,Y,FW,77,0,0,0,0,0,0,0,0,2,3,0,2,1,2,0,,,Match Report,2022-2023,Desire Doue
2023-01-15,Sun,Ligue 1,Matchweek 19,Home,W 1–0,Rennes,Paris Saint-Germain,Y,FW,67,0,0,0,0,0,0,0,0,0,2,0,1,3,0,0,,,Match Report,2022-2023,Desire Doue
2023-01-11,Wed,Ligue 1,Matchweek 18,Away,L 1–2,Rennes,Clermont Foot,N,,30,0,0,0,0,1,0,0,0,0,2,0,0,2,0,0,,,Match Report,2022-2023,Desire Doue
2023-01-07,Sat,Coupe de France,Round of 64,Away,W 2–1,Rennes,Bordeaux,N,"On matchday squad, but did not play","On matchday squad, but did not play","On matchday squad, but did not play","On matchday squad, but did not play","On matchday squad, but did not play","On matchday squad, but did not play","On matchday squad, but did not play","On matchday squad, but did not play","On matchday squad, but did not play","On matchday squad, but did not play","On matchday squad, but did not play","On matchday squad, but did not play","On matchday squad, but did not play","On matchday squad, but did not play","On matchday squad, but did not play","On matchday squad, but did not play","On matchday squad, but did not play","On matchday squad, but did not play","On matchday squad, but did not play",Match Report,2022-2023,Desire Doue
2022-11-12,Sat,Ligue 1,Matchweek 15,Home,W 2–1,Rennes,Toulouse,N,"On matchday squad, but did not play","On matchday squad, but did not play","On matchday squad, but did not play","On matchday squad, but did not play","On matchday squad, but did not play","On matchday squad, but did not play","On matchday squad, but did not play","On matchday squad, but did not play","On matchday squad, but did not play","On matchday squad, but did not play","On matchday squad, but did not play","On matchday squad, but did not play","On matchday squad, but did not play","On matchday squad, but did not play","On matchday squad, but did not play","On matchday squad, but did not play","On matchday squad, but did not play","On matchday squad, but did not play","On matchday squad, but did not play",Match Report,2022-2023,Desire Doue
2022-11-06,Sun,Ligue 1,Matchweek 14,Away,D 1–1,Rennes,Lille,N,"On matchday squad, but did not play","On matchday squad, but did not play","On matchday squad, but did not play","On matchday squad, but did not play","On matchday squad, but did not play","On matchday squad, but did not play","On matchday squad, but did not play","On matchday squad, but did not play","On matchday squad, but did not play","On matchday squad, but did not play","On matchday squad, but did not play","On matchday squad, but did not play","On matchday squad, but did not play","On matchday squad, but did not play","On matchday squad, but did not play","On matchday squad, but did not play","On matchday squad, but did not play","On matchday squad, but did not play","On matchday squad, but did not play",Match Report,2022-2023,Desire Doue
2022-11-03,Thu,Europa Lg,Group stage,Home,D 1–1,fr Rennes,cy AEK Larnaca FC,N,,28,0,0,0,0,3,0,0,0,1,0,0,2,0,0,0,,,Match Report,2022-2023,Desire Doue
2022-10-27,Thu,Europa Lg,Group stage,Away,D 3–3,fr Rennes,tr Fenerbahçe,N,,21,0,0,0,0,0,0,1,0,2,0,0,0,0,0,0,,,Match Report,2022-2023,Desire Doue
2022-10-23,Sun,Ligue 1,Matchweek 12,Away,W 2–1,Rennes,Angers,N,,22,0,0,0,0,0,0,0,0,1,1,0,1,1,0,0,,,Match Report,2022-2023,Desire Doue
2022-10-16,Sun,Ligue 1,Matchweek 11,Home,W 3–2,Rennes,Lyon,N,,22,0,0,0,0,0,0,0,0,1,1,0,1,1,0,0,,,Match Report,2022-2023,Desire Doue
2022-10-13,Thu,Europa Lg,Group stage,Away,W 1–0,fr Rennes,ua Dynamo Kyiv,Y,FW,72,0,0,0,0,2,1,1,0,3,0,0,1,0,0,0,,,Match Report,2022-2023,Desire Doue
2022-10-09,Sun,Ligue 1,Matchweek 10,Home,W 3–0,Rennes,Nantes,N,,8,1,0,0,0,2,1,0,0,0,0,0,0,0,0,0,,,Match Report,2022-2023,Desire Doue
2022-10-06,Thu,Europa Lg,Group stage,Home,W 2–1,fr Rennes,ua Dynamo Kyiv,N,,27,1,0,0,0,3,2,0,0,3,0,0,3,0,0,0,,,Match Report,2022-2023,Desire Doue
2022-09-18,Sun,Ligue 1,Matchweek 8,Away,D 1–1,Rennes,Marseille,Y,AM,60,0,0,0,0,2,1,1,0,2,1,0,0,0,1,0,,,Match Report,2022-2023,Desire Doue
2022-09-15,Thu,Europa Lg,Group stage,Home,D 2–2,fr Rennes,tr Fenerbahçe,N,,27,0,0,0,0,0,0,0,0,1,0,0,1,0,0,0,,,Match Report,2022-2023,Desire Doue
2022-09-11,Sun,Ligue 1,Matchweek 7,Home,W 5–0,Rennes,Auxerre,Y,CM,73,0,0,0,0,0,0,0,0,1,1,0,1,2,1,0,,,Match Report,2022-2023,Desire Doue
2022-09-04,Sun,Ligue 1,Matchweek 6,Away,D 1–1,Rennes,Troyes,N,,45,0,0,0,0,0,0,0,0,3,1,0,3,1,0,0,,,Match Report,2022-2023,Desire Doue
2022-08-31,Wed,Ligue 1,Matchweek 5,Home,W 3–1,Rennes,Brest,N,,31,1,0,0,0,2,1,0,0,0,0,1,1,0,0,0,,,Match Report,2022-2023,Desire Doue
2022-08-27,Sat,Ligue 1,Matchweek 4,Away,L 1–2,Rennes,Lens,Y,CM,81,0,0,0,0,1,1,1,0,3,4,2,1,1,3,0,,,Match Report,2022-2023,Desire Doue
2022-08-21,Sun,Ligue 1,Matchweek 3,Home,W 2–1,Rennes,Ajaccio,N,,28,0,0,0,0,0,0,1,0,1,0,0,1,0,0,0,,,Match Report,2022-2023,Desire Doue
2022-08-13,Sat,Ligue 1,Matchweek 2,Away,D 1–1,Rennes,Monaco,N,,15,0,0,0,0,2,0,0,0,1,1,0,1,0,0,0,,,Match Report,2022-2023,Desire Doue
2022-08-07,Sun,Ligue 1,Matchweek 1,Home,L 0–1,Rennes,Lorient,N,,18,0,0,0,0,2,0,0,0,0,0,0,4,0,1,0,,,Match Report,2022-2023,Desire Doue
2022-03-10,Thu,Conf Lg,Round of 16,Away,L 0–2,fr Rennes,eng Leicester City,N,"On matchday squad, but did not play","On matchday squad, but did not play","On matchday squad, but did not play","On matchday squad, but did not play","On matchday squad, but did not play","On matchday squad, but did not play","On matchday squad, but did not play","On matchday squad, but did not play","On matchday squad, but did not play","On matchday squad, but did not play","On matchday squad, but did not play","On matchday squad, but did not play","On matchday squad, but did not play","On matchday squad, but did not play","On matchday squad, but did not play","On matchday squad, but did not play","On matchday squad, but did not play","On matchday squad, but did not play","On matchday squad, but did not play",Match Report,2021-2022,Desire Doue
2022-02-20,Sun,Ligue 1,Matchweek 25,Home,W 4–1,Rennes,Troyes,N,"On matchday squad, but did not play","On matchday squad, but did not play","On matchday squad, but did not play","On matchday squad, but did not play","On matchday squad, but did not play","On matchday squad, but did not play","On matchday squad, but did not play","On matchday squad, but did not play","On matchday squad, but did not play","On matchday squad, but did not play","On matchday squad, but did not play","On matchday squad, but did not play","On matchday squad, but did not play","On matchday squad, but did not play","On matchday squad, but did not play","On matchday squad, but did not play","On matchday squad, but did not play","On matchday squad, but did not play","On matchday squad, but did not play",Match Report,2021-2022,Desire Doue
